date,p_model,p_pin,psw_bet,y_bet,market_edge,winner_name,loser_name,surface,kelly_stake_pct
2024-01-01,0.3598448036198162,0.3017241379310345,3.24,0,0.058120665688781714,Alexander Zverev,Stefanos Tsitsipas,Hard,3.7
2024-01-01,0.6100355049017044,0.5191815856777493,1.88,0,0.09085391922395514,Grigor Dimitrov,Holger Rune,Hard,8.34
2024-01-01,0.6895242942923248,0.5985221674876848,1.63,1,0.09100212680463993,Holger Rune,Roman Safiullin,Hard,9.84
2024-01-01,0.8610390536648757,0.7355864811133201,1.33,0,0.1254525725515555,Juncheng Shang,Frances Tiafoe,Hard,22.0
2024-01-01,0.24407368902130525,0.16954022988505735,5.78,0,0.0745334591362479,Andrey Rublev,Juncheng Shang,Hard,4.3
2024-01-01,0.8023482752417015,0.7265306122448979,1.34,1,0.07581766299680359,Andrey Rublev,Emil Ruusuvuori,Hard,11.05
2024-01-01,0.7098425119693583,0.5960591133004925,1.64,1,0.11378339866886578,Emil Ruusuvuori,Pavel Kotov,Hard,12.82
2024-01-08,0.572732027295322,0.5089514066496165,1.92,0,0.06378062064570555,Alexander Bublik,Lorenzo Musetti,Hard,5.42
2024-01-08,0.5180101698757467,0.4668367346938776,2.09,1,0.051173435181869065,Jack Draper,Tommy Paul,Hard,3.79
2024-01-08,0.8420386777319091,0.7686703096539163,1.27,0,0.07336836807799285,Alejandro Tabilo,Arthur Fils,Hard,12.85
2024-01-08,0.5432000652161311,0.48849104859335035,2.0,0,0.054709016622780715,Taro Daniel,Alexandre Muller,Hard,4.32
2024-01-15,0.28955521318618593,0.1784107946026986,5.48,0,0.11114441858348734,Alex Michelsen,James McCabe,Hard,6.55
2024-01-15,0.23104789453217994,0.1552878179384204,6.31,0,0.07576007659375955,Tommy Paul,Gregoire Barrere,Hard,4.31
2024-01-15,0.8226887647983017,0.734,1.33,1,0.08868876479830168,Miomir Kecmanovic,Yosuke Watanuki,Hard,14.27
2024-01-15,0.17005616844228472,0.0825617283950617,11.89,0,0.08749444004722301,Alexander Zverev,Dominik Koepfer,Hard,4.69
2024-01-15,0.14174544678133424,0.04686078252957249,20.95,0,0.09488466425176176,Hubert Hurkacz,Omar Jasika,Hard,4.94
2024-01-15,0.24506023168257962,0.12486064659977703,7.85,0,0.1201995850828026,Emil Ruusuvuori,Patrick Kypson,Hard,6.74
2024-01-15,0.5752292918742163,0.5115089514066495,1.91,0,0.0637203404675668,Arthur Cazaux,Laslo Djere,Hard,5.42
2024-01-15,0.7319072322187934,0.6719457013574661,1.45,1,0.05996153086132727,Felix Auger-Aliassime,Dominic Thiem,Hard,6.81
2024-01-15,0.7985737082676866,0.6934782608695652,1.41,0,0.10509544739812138,Hugo Grenier,Alexandre Muller,Hard,15.36
2024-01-15,0.24789016605121433,0.18808777429467083,5.18,0,0.059802391756543505,Alexei Popyrin,Marc Polmans,Hard,3.4
2024-01-15,0.8250351900942162,0.5544303797468354,1.76,1,0.2706048103473808,Fabian Marozsan,Marin Cilic,Hard,29.74
2024-01-15,0.7182142123954931,0.6097560975609755,1.6,0,0.10845811483451762,Aleksandar Kovacevic,Alejandro Tabilo,Hard,12.43
2024-01-15,0.8107142510077123,0.6963123644251628,1.4,1,0.11440188658254957,Francisco Cerundolo,Dane Sweeny,Hard,16.87
2024-01-15,0.2503632223463826,0.09121621621621623,10.76,0,0.15914700613016636,Sebastian Korda,Vit Kopriva,Hard,8.68
2024-01-15,0.4471280141146383,0.39268292682926825,2.49,1,0.054445087285370064,Daniel Elahi Galan,Jason Kubler,Hard,3.8
2024-01-29,0.7429982807730935,0.6440281030444965,1.52,0,0.09897017772859695,Borna Coric,Holger Rune,Hard,12.44
2024-02-05,0.6139476279669857,0.48849104859335035,2.0,0,0.1254565793736353,Marcos Giron,Adrian Mannarino,Hard,11.39
2024-02-05,0.7901094968372216,0.647196261682243,1.51,1,0.14291323515497867,Adrian Mannarino,James Duckworth,Hard,18.93
2024-02-05,0.8600011461199137,0.8067092651757188,1.21,1,0.0532918809441949,Grigor Dimitrov,Arthur Rinderknech,Hard,9.67
2024-02-05,0.6052170325499621,0.5547073791348601,1.75,1,0.05050965341510194,Luciano Darderi,Yannick Hanfmann,Clay,3.94
2024-02-05,0.7361308177256195,0.5975308641975308,1.63,0,0.13859995352808874,Facundo Bagnis,Jaume Munar,Clay,15.86
2024-02-05,0.7170257727892044,0.5810473815461346,1.68,0,0.13597839124306987,Facundo Bagnis,Federico Coria,Clay,15.04
2024-02-12,0.6637096249306584,0.5915841584158417,1.65,1,0.07212546651481677,Tommy Paul,Jordan Thompson,Hard,7.32
2024-02-12,0.22919141129943085,0.1531291611185086,6.36,0,0.07606225018092225,Taylor Fritz,Rinky Hijikata,Hard,4.27
2024-02-12,0.17290964704466982,0.07997010463378185,12.31,0,0.09293954241088798,Carlos Alcaraz,Andrea Vavassori,Clay,4.99
2024-02-19,0.7244216870209431,0.5774999999999999,1.69,0,0.14692168702094321,Jakub Mensik,Gael Monfils,Hard,16.25
2024-02-19,0.7859541595164614,0.7292929292929293,1.34,0,0.05666123022353209,Gael Monfils,Ugo Humbert,Hard,7.82
2024-02-19,0.6848950588899737,0.561712846347607,1.74,0,0.12318221254236672,Alexei Popyrin,Alexander Bublik,Hard,12.95
2024-02-19,0.2005322309301183,0.1409147095179234,6.95,0,0.059617521412194896,Stefanos Tsitsipas,Aleksandar Kovacevic,Hard,3.31
2024-02-19,0.7606081908567325,0.6976241900647947,1.4,1,0.06298400079193778,Sebastian Baez,Thiago Monteiro,Clay,8.11
2024-02-26,0.7704332079951853,0.6350710900473934,1.54,0,0.13536211794779196,Pedro Martinez,Arthur Fils,Clay,17.27
2024-02-26,0.691606667934643,0.6342042755344418,1.54,1,0.057402392400201174,Sebastian Baez,Jaume Munar,Clay,6.03
2024-02-26,0.7474456859007492,0.6822222222222223,1.43,1,0.06522346367852694,Sebastian Baez,Pedro Martinez,Clay,8.01
2024-02-26,0.6762643531238767,0.6225961538461539,1.57,1,0.05366819927772282,Sebastian Baez,Alejandro Tabilo,Clay,5.42
2024-02-26,0.6804526052182192,0.6216867469879519,1.57,1,0.058765858230267254,Alejandro Tabilo,Corentin Moutet,Clay,5.99
2024-03-04,0.6186927137860277,0.5192802056555269,1.87,1,0.09941250813050084,Constant Lestienne,Denis Kudla,Hard,9.02
2024-03-04,0.7534670757343379,0.6651376146788991,1.46,1,0.08832946105543882,Taro Daniel,Daniel Elahi Galan,Hard,10.88
2024-03-04,0.7692063506954406,0.6565420560747663,1.47,1,0.11266429462067429,Fabian Marozsan,Jurij Rodionov,Hard,13.91
2024-03-04,0.8080871370151145,0.7237113402061855,1.34,1,0.08437579680892893,Gael Monfils,Max Purcell,Hard,12.18
2024-03-04,0.589875837207402,0.5141388174807199,1.89,0,0.07573701972668212,Aleksandar Vukic,Shintaro Mochizuki,Hard,6.45
2024-03-04,0.7777951058820283,0.6873614190687362,1.41,1,0.09043368681329211,Alex Michelsen,Jaume Munar,Hard,11.79
2024-03-04,0.6956179077570119,0.5583756345177665,1.74,1,0.13724227323924543,Roman Safiullin,Daniel Evans,Hard,14.21
2024-03-04,0.7792861820884595,0.7154811715481172,1.36,1,0.06380501054034227,Borna Coric,Sebastian Ofner,Hard,8.31
2024-03-04,0.4038774935447618,0.3258426966292134,3.0,0,0.07803479691554843,Daniil Medvedev,Holger Rune,Hard,5.29
2024-03-04,0.5650873615661501,0.5,1.95,0,0.06508736156615014,Tommy Paul,Casper Ruud,Hard,5.36
2024-03-04,0.5589112386009328,0.48586118251928023,2.0,0,0.0730500560816526,Alexandre Muller,Hugo Grenier,Hard,5.89
2024-03-04,0.7310175948511437,0.655813953488372,1.48,1,0.07520364136277169,Brandon Nakashima,Christopher Eubanks,Hard,8.53
2024-03-04,0.37887055310540835,0.30567685589519655,3.18,0,0.0731936972102118,Carlos Alcaraz,Alexander Zverev,Hard,4.7
2024-03-18,0.597154075776018,0.5370843989769821,1.81,0,0.060069676799035854,Andy Murray,Matteo Berrettini,Hard,4.99
2024-03-18,0.598148172222638,0.5396419437340154,1.8,0,0.058506228488622636,Matteo Arnaldi,Arthur Fils,Hard,4.79
2024-03-18,0.8304898257773983,0.7254098360655737,1.34,1,0.10507998971182453,Christopher O'Connell,Vit Kopriva,Hard,16.6
2024-03-18,0.6568039738622085,0.5521628498727736,1.76,1,0.10464112398943481,Alex Michelsen,Lukas Klein,Hard,10.26
2024-03-18,0.7325082384321088,0.5205128205128204,1.87,1,0.21199541791928833,Sebastian Ofner,Kei Nishikori,Hard,21.25
2024-03-18,0.7755374985642859,0.7237113402061855,1.34,1,0.05182615835810034,Gael Monfils,Dusan Lajovic,Hard,5.77
2024-03-18,0.7651424040160708,0.6445497630331753,1.5,1,0.12059264098289546,Alexander Shevchenko,Daniel Elahi Galan,Hard,14.77
2024-03-18,0.8264025769119072,0.7755834829443448,1.25,1,0.050819093967562456,Felix Auger-Aliassime,Adam Walton,Hard,6.6
2024-03-18,0.7121167198878743,0.607843137254902,1.6,0,0.10427358263297226,Alejandro Tabilo,Brandon Nakashima,Hard,11.62
2024-03-18,0.7845165055935326,0.6574074074074074,1.48,0,0.12710909818612515,Martin Landaluce,Jaume Munar,Hard,16.78
2024-03-18,0.11255744216781413,0.038665655799848486,25.36,0,0.07389178636796565,Tomas Machac,Darwin Blanch,Hard,3.81
2024-03-18,0.7245321191720431,0.6697038724373577,1.45,1,0.05482824673468534,Marton Fucsovics,Max Purcell,Hard,5.62
2024-03-18,0.6421094477108913,0.5885286783042394,1.65,0,0.05358076940665191,Flavio Cobolli,Yoshihito Nishioka,Hard,4.58
2024-03-18,0.8554651886831092,0.6398104265402844,1.52,0,0.21565476214282475,Soonwoo Kwon,Alexandre Muller,Hard,28.88
2024-03-18,0.723218138600378,0.5717884130982368,1.7,0,0.15142972550214118,Juncheng Shang,Miomir Kecmanovic,Hard,16.39
2024-04-01,0.7844856290157383,0.647196261682243,1.51,0,0.13728936733349528,Cristian Garin,Nuno Borges,Clay,18.1
2024-04-01,0.7475302599792061,0.6778523489932886,1.44,1,0.06967791098591747,Hubert Hurkacz,Cristian Garin,Clay,8.69
2024-04-01,0.7298942118907028,0.6455399061032865,1.51,1,0.08435430578741632,Matteo Berrettini,Lorenzo Sonego,Clay,10.01
2024-04-01,0.3790231427398262,0.3114035087719298,3.14,0,0.06761963396789639,Pedro Martinez,Richard Gasquet,Clay,4.44
2024-04-01,0.6279357490145432,0.5518987341772151,1.77,1,0.07603701483732805,Pavel Kotov,Fabio Fognini,Clay,7.24
2024-04-01,0.7203883210805675,0.6605504587155964,1.48,1,0.05983786236497113,Mariano Navone,Aleksandar Vukic,Clay,6.89
2024-04-01,0.5688360977144247,0.5115089514066495,1.91,0,0.057327146307775134,Frances Tiafoe,Luciano Darderi,Clay,4.75
2024-04-01,0.7442583254349551,0.6865342163355409,1.42,1,0.05772410909941417,Matteo Berrettini,Mariano Navone,Clay,6.77
2024-04-01,0.3367191699391065,0.27835051546391765,3.5,0,0.05836865447518885,Tomas Martin Etcheverry,Michael Mmoh,Clay,3.57
2024-04-01,0.5855926342922837,0.5280612244897959,1.85,1,0.05753140980248783,Ben Shelton,Frances Tiafoe,Clay,4.9
2024-04-08,0.644394312969705,0.5778894472361809,1.68,1,0.0665048657335241,Francisco Cerundolo,Daniel Altmaier,Clay,6.07
2024-04-08,0.2196521151224298,0.09523809523809534,10.26,0,0.12441401988433445,Grigor Dimitrov,Valentin Vacherot,Clay,6.77
2024-04-08,0.7569217078472639,0.6704805491990847,1.44,1,0.08644115864817914,Arthur Fils,Yannick Hanfmann,Clay,10.22
2024-04-08,0.6726036967853949,0.5645569620253165,1.72,1,0.10804673476007842,Zhizhen Zhang,Marcos Giron,Clay,10.89
2024-04-08,0.2017664882224156,0.11783439490445857,8.31,0,0.08393209331795703,Alexander Zverev,Sebastian Ofner,Clay,4.63
2024-04-08,0.6109528123246958,0.5555555555555556,1.76,0,0.0553972567691402,Stefanos Tsitsipas,Alexander Zverev,Clay,4.95
2024-04-08,0.5029481648813353,0.4444444444444444,2.2,0,0.058503720436890894,Stefanos Tsitsipas,Casper Ruud,Clay,4.44
2024-04-08,0.8514589608478937,0.7999999999999999,1.22,1,0.05145896084789381,Novak Djokovic,Lorenzo Musetti,Clay,8.81
2024-04-08,0.7043638201876167,0.6246913580246914,1.52,1,0.07967246216292523,Ugo Humbert,Lorenzo Sonego,Clay,6.79
2024-04-15,0.7598183742314355,0.6455399061032865,1.51,1,0.11427846812814901,Brandon Nakashima,Daniel Evans,Clay,14.44
2024-04-15,0.6900511900913604,0.5192802056555269,1.87,1,0.1707709844358335,Nick Hardt,Martin Landaluce,Clay,16.69
2024-04-15,0.5860237358955265,0.4807197943444731,2.02,0,0.10530394155105338,Marco Trungelliti,Duje Ajdukovic,Clay,9.01
2024-04-15,0.7193650441487031,0.5845771144278606,1.67,0,0.13478792972084241,Dusan Lajovic,Arthur Fils,Clay,15.03
2024-04-15,0.7888281984438942,0.7254098360655737,1.34,1,0.06341836237832044,Matteo Arnaldi,Arthur Cazaux,Clay,8.39
2024-04-15,0.5108452558523064,0.45408163265306123,2.14,0,0.05676362319924522,Dusan Lajovic,Diego Schwartzman,Clay,4.09
2024-04-15,0.23405080155460256,0.1794871794871795,5.44,1,0.05456362206742307,Cristian Garin,Alexander Zverev,Clay,3.08
2024-04-15,0.7441378751081834,0.6267942583732058,1.56,1,0.11734361673497762,Taylor Fritz,Cristian Garin,Clay,14.36
2024-04-15,0.6875330670253659,0.5885286783042394,1.65,1,0.09900438872112649,Tomas Machac,Juncheng Shang,Clay,10.34
2024-04-15,0.858920091080893,0.8076311605723371,1.21,1,0.051288930508555874,Holger Rune,Marc-Andrea Huesler,Clay,9.36
2024-04-15,0.6719334399231333,0.58,1.68,1,0.0919334399231333,Marton Fucsovics,Mariano Navone,Clay,9.47
2024-04-15,0.6716861210760812,0.5678391959798995,1.72,1,0.10384692509618165,Taylor Fritz,Jack Draper,Clay,10.78
2024-04-15,0.825374060827082,0.6374407582938388,1.53,1,0.18793330253324314,Alejandro Tabilo,Joao Fonseca,Clay,24.79
2024-04-15,0.6325304038167007,0.539440203562341,1.81,1,0.09309020025435966,Marton Fucsovics,Corentin Moutet,Clay,8.94
2024-04-22,0.7427409825616129,0.6612903225806451,1.47,0,0.08145065998096779,Facundo Bagnis,Brandon Nakashima,Clay,9.77
2024-04-22,0.6904544932945513,0.5583756345177665,1.74,0,0.13207885877678482,Mariano Navone,Alexei Popyrin,Clay,13.61
2024-04-22,0.6748160241665332,0.5670886075949367,1.71,1,0.10772741657159646,Jaume Munar,Nuno Borges,Clay,10.84
2024-04-22,0.7891845887941952,0.7193347193347194,1.35,1,0.0698498694594758,Matteo Arnaldi,Christopher O'Connell,Clay,9.34
2024-04-22,0.5457281603634931,0.4629156010230179,2.1,0,0.08281255934047527,Jakub Mensik,Yannick Hanfmann,Clay,6.64
2024-04-22,0.7081208265626324,0.5753768844221105,1.69,1,0.13274394214052188,Pavel Kotov,Albert Ramos-Vinolas,Clay,14.26
2024-04-22,0.8176986490862472,0.7349397590361445,1.32,1,0.08275889005010273,Borna Coric,Benjamin Hassan,Clay,12.4
2024-04-22,0.7057493867054367,0.5583756345177665,1.74,1,0.14737375218767024,Miomir Kecmanovic,Zhizhen Zhang,Clay,15.41
2024-04-22,0.8101675881667134,0.7239263803680982,1.35,0,0.08624120779861522,Felix Auger-Aliassime,Jannik Sinner,Clay,13.39
2024-04-22,0.7006186236541013,0.6140776699029126,1.59,0,0.08654095375118875,Jiri Lehecka,Daniil Medvedev,Clay,9.66
2024-04-22,0.7387839794330181,0.6339712918660287,1.53,0,0.10481268756698936,Pedro Cachin,Sebastian Ofner,Clay,12.3
2024-04-22,0.7481100500602402,0.6240963855421686,1.56,1,0.12401366451807161,Jack Draper,Thanasi Kokkinakis,Clay,14.92
2024-05-06,0.7284179287965514,0.5825,1.67,0,0.1459179287965514,Francesco Passaro,Arthur Rinderknech,Clay,16.15
2024-05-06,0.712137820983814,0.6146341463414634,1.58,0,0.09750367464235055,Aleksandar Vukic,Diego Schwartzman,Clay,10.79
2024-05-06,0.7278592779123572,0.6666666666666667,1.46,1,0.06119261124569042,Pavel Kotov,Alex Michelsen,Clay,6.81
2024-05-06,0.5929338462263968,0.5358974358974359,1.81,1,0.057036410328960896,Miomir Kecmanovic,Brandon Nakashima,Clay,4.52
2024-05-06,0.6861141748512446,0.5753768844221105,1.69,0,0.11073729042913405,Yoshihito Nishioka,Sebastian Ofner,Clay,11.56
2024-05-06,0.7076660164084272,0.5810473815461347,1.68,1,0.12661863486229252,Alejandro Tabilo,Zhizhen Zhang,Clay,13.89
2024-05-06,0.24670056520336017,0.1233333333333334,7.89,0,0.12336723187002677,Jaume Munar,Rinky Hijikata,Clay,6.87
2024-05-06,0.7468602257084632,0.6566125290023201,1.48,1,0.09024769670614308,Stefano Napolitano,J.J. Wolf,Clay,10.97
2024-05-20,0.6952136066232601,0.5703517587939698,1.71,1,0.12486184782929033,Tomas Martin Etcheverry,Luciano Darderi,Clay,13.3
2024-05-20,0.614429356823581,0.5606060606060606,1.74,0,0.05382329621752047,Alexander Bublik,Pavel Kotov,Clay,4.67
2024-05-20,0.9126659578697208,0.8272327964860908,1.18,0,0.08543316138363,Tomas Machac,Novak Djokovic,Clay,21.37
2024-05-26,0.15408740846188895,0.03434343434343434,28.68,0,0.11974397411845461,Novak Djokovic,Pierre-Hugues Herbert,Clay,6.18
2024-05-26,0.8198945417585771,0.744140625,1.31,1,0.07575391675857712,Alexander Zverev,Rafael Nadal,Clay,11.95
2024-05-26,0.2893251401727031,0.20707070707070707,4.71,0,0.08225443310199604,Giulio Zeppieri,Adrian Mannarino,Clay,4.89
2024-05-26,0.227772692100247,0.1323185011709601,7.41,0,0.09545419092928689,Jan-Lennard Struff,Roman Andres Burruchaga,Clay,5.37
2024-05-26,0.20293248515457246,0.11133603238866396,8.78,0,0.0915964527659085,Grigor Dimitrov,Aleksandar Kovacevic,Clay,5.02
2024-05-26,0.2887587691166102,0.1784107946026986,5.48,0,0.1103479745139116,Arthur Rinderknech,Adam Walton,Clay,6.5
2024-05-26,0.7027385962837119,0.5985221674876848,1.63,1,0.1042164287960271,Tomas Machac,Nuno Borges,Clay,11.54
2024-05-26,0.19025659218257004,0.10638297872340419,9.24,0,0.08387361345916586,Luciano Darderi,Rinky Hijikata,Clay,4.6
2024-05-26,0.4488140179800028,0.38498789346246975,2.54,0,0.06382612451753306,Filip Misolic,Otto Virtanen,Clay,4.55
2024-05-26,0.2375224819649723,0.16044260027662516,6.07,0,0.07707988168834715,Lorenzo Musetti,Daniel Elahi Galan,Clay,4.36
2024-05-26,0.2233755058387468,0.12527964205816555,7.82,0,0.09809586378058124,Tommy Paul,Pedro Cachin,Clay,5.48
2024-05-26,0.7160232525671556,0.630071599045346,1.55,0,0.08595165352180956,Flavio Cobolli,Hamad Medjedovic,Clay,9.99
2024-05-26,0.42345886259007254,0.3023758099352052,3.23,1,0.12108305265486735,Richard Gasquet,Borna Coric,Clay,8.25
2024-05-26,0.36711464627048884,0.2905982905982907,3.32,0,0.07651635567219817,Carlos Alcaraz,Alexander Zverev,Clay,4.72
2024-05-26,0.6029701215077539,0.5396419437340154,1.8,0,0.06332817777373845,Matteo Arnaldi,Arthur Fils,Clay,5.33
2024-05-26,0.58765317005868,0.5306122448979591,1.84,0,0.0570409251607209,Alexander Bublik,Gregoire Barrere,Clay,4.84
2024-05-26,0.7184560263250402,0.6116504854368933,1.6,1,0.10680554088814698,Alexandre Muller,Luca Nardi,Clay,12.46
2024-05-26,0.7688830229988621,0.6165048543689321,1.58,0,0.15237816862993003,Kei Nishikori,Gabriel Diallo,Clay,18.52
2024-05-26,0.29132583719874094,0.19516129032258067,4.99,0,0.09616454687616027,Sebastian Korda,Harold Mayot,Clay,5.69
2024-05-26,0.3130312309460795,0.22965641952983729,4.26,0,0.0833748114162422,Fabian Marozsan,Mikhail Kukushkin,Clay,5.12
2024-05-26,0.2244788929019875,0.1576086956521739,6.2,1,0.0668701972498136,Soonwoo Kwon,Emil Ruusuvuori,Clay,3.77
2024-06-10,0.6816947819486813,0.630071599045346,1.55,1,0.05162318290333523,Jack Draper,Brandon Nakashima,Grass,5.15
2024-06-10,0.3156027498230378,0.2230088495575222,4.39,0,0.09259390026551562,Matteo Berrettini,James Duckworth,Grass,5.69
2024-06-10,0.7304626727648634,0.6440281030444965,1.52,0,0.0864345697203669,Arthur Rinderknech,Alex Michelsen,Grass,10.61
2024-06-10,0.635019076293679,0.5667506297229219,1.72,0,0.06826844657075715,Jack Draper,Matteo Berrettini,Grass,6.41
2024-06-17,0.8449877905905469,0.7495183044315993,1.3,1,0.09546948615894757,Jannik Sinner,Jan-Lennard Struff,Grass,16.41
2024-06-17,0.753225329932627,0.654292343387471,1.49,1,0.09893298654515603,Lorenzo Musetti,Billy Harris,Grass,12.48
2024-06-23,0.6823250699030591,0.5870646766169154,1.66,1,0.09526039328614366,Alejandro Tabilo,Jakub Mensik,Grass,10.05
2024-06-23,0.6634598945480624,0.561712846347607,1.74,0,0.10174704820045544,Sebastian Ofner,Alex Michelsen,Grass,10.43
2024-06-23,0.784822725365472,0.5642317380352645,1.73,1,0.22059098733020754,Sebastian Ofner,Paul Jubb,Grass,24.5
2024-06-23,0.6856634698443775,0.5580808080808081,1.75,1,0.12758266176356947,Alejandro Tabilo,Sebastian Ofner,Grass,13.33
2024-06-24,0.2756273496490305,0.19709208400646205,4.97,0,0.07853526564256846,Taylor Fritz,Max Purcell,Grass,4.66
2024-07-01,0.7611995465136797,0.702991452991453,1.39,0,0.05820809352222667,Thanasi Kokkinakis,Felix Auger-Aliassime,Grass,7.44
2024-07-01,0.7915310812633825,0.6741573033707866,1.45,1,0.11737377789259584,Casper Ruud,Alex Bolt,Grass,16.41
2024-07-01,0.6865670375483885,0.5140664961636828,1.9,1,0.17250054138470572,Juncheng Shang,Cristian Garin,Grass,16.92
2024-07-01,0.2109906451337423,0.12655367231638415,7.73,0,0.08443697281735815,Miomir Kecmanovic,Sumit Nagal,Grass,4.69
2024-07-01,0.7158175466809892,0.5606060606060607,1.74,1,0.15521148607492852,Tomas Machac,David Goffin,Grass,16.59
2024-07-01,0.2444890204239873,0.17052023121387283,5.74,0,0.07396878921011446,Karen Khachanov,Aslan Karatsev,Grass,4.25
2024-07-01,0.20259289089884447,0.08063300678221552,12.2,0,0.12195988411662895,Taylor Fritz,Christopher O'Connell,Grass,6.57
2024-07-01,0.6928812529473374,0.5965346534653465,1.63,0,0.09634659948199087,Yoshihito Nishioka,Nuno Borges,Grass,10.27
2024-07-01,0.17215409659245856,0.05689277899343548,17.24,0,0.11526131759902308,Jack Draper,Elias Ymer,Grass,6.06
2024-07-01,0.7605268434371667,0.6843267108167771,1.43,1,0.0762001326203896,Arthur Fils,Dominic Stricker,Grass,10.18
2024-07-01,0.7771776910673384,0.7010752688172044,1.39,1,0.07610242225013397,Arthur Rinderknech,Kei Nishikori,Grass,10.29
2024-07-01,0.15016447071886152,0.043718166383701074,22.53,0,0.10644630433516045,Novak Djokovic,Vit Kopriva,Grass,5.53
2024-07-01,0.8025048542295694,0.7057569296375268,1.38,1,0.09674792459204262,Luciano Darderi,Jan Choinski,Grass,14.14
2024-07-01,0.2489545060680249,0.0681375730045426,14.36,0,0.18081693306348232,Hubert Hurkacz,Radu Albot,Grass,9.64
2024-07-01,0.6635505934309719,0.6097560975609757,1.6,1,0.053794495869996184,Tomas Martin Etcheverry,Luca Nardi,Grass,5.14
2024-07-01,0.2271222047627769,0.04043973301923832,24.44,1,0.18668247174353858,Francisco Comesana,Andrey Rublev,Grass,9.71
2024-07-01,0.7849523483026216,0.7329317269076305,1.33,1,0.052020621394991085,Alexei Popyrin,Thiago Monteiro,Grass,6.66
2024-07-01,0.7395251533482852,0.625,1.56,1,0.11452515334828517,Frances Tiafoe,Borna Coric,Grass,13.72
2024-07-01,0.5370001571533916,0.460559796437659,2.12,0,0.07644036071573257,Carlos Alcaraz,Novak Djokovic,Grass,6.18
2024-07-01,0.7586796048139065,0.5692695214105793,1.71,1,0.1894100834033272,Ben Shelton,Denis Shapovalov,Grass,20.94
2024-07-01,0.6854507966768307,0.5810473815461346,1.68,0,0.10440341513069618,Otto Virtanen,Max Purcell,Grass,11.14
2024-07-01,0.1430887585481618,0.022474410324877625,43.93,0,0.12061434822328418,Jannik Sinner,Yannick Hanfmann,Grass,6.16
2024-07-01,0.2560185130705665,0.20198675496688734,4.82,0,0.05403175810367916,Zhizhen Zhang,Maxime Janvier,Grass,3.06
2024-07-01,0.2631350958165656,0.1650211565585331,5.92,0,0.09811393925803247,Brandon Nakashima,Sebastian Baez,Grass,5.67
2024-07-01,0.7555775596760971,0.672686230248307,1.45,0,0.0828913294277901,Arthur Cazaux,Zizou Bergs,Grass,10.62
2024-07-01,0.1941259232991824,0.13294117647058823,7.37,0,0.06118474682859418,Ugo Humbert,Alexander Shevchenko,Grass,3.38
2024-07-15,0.19638163390666077,0.11795961742826777,8.3,0,0.078422016478393,Alexander Zverev,Pedro Martinez,Clay,4.31
2024-07-15,0.7059749902151848,0.6140776699029126,1.59,0,0.09189732031227227,Marcos Giron,Alex Michelsen,Grass,10.38
2024-07-15,0.8365437592397921,0.5985221674876848,1.63,1,0.23802159175210724,Alex Michelsen,Reilly Opelka,Grass,28.85
2024-07-15,0.8463897119335241,0.5820895522388059,1.68,0,0.2643001596947182,Reilly Opelka,Mackenzie McDonald,Grass,31.02
2024-07-15,0.7536506388141636,0.6333333333333333,1.54,1,0.1203173054808303,Marcos Giron,Alex Bolt,Grass,14.87
2024-07-15,0.6478049776005795,0.588089330024814,1.66,0,0.05971564757576553,Arthur Fils,Holger Rune,Clay,5.71
2024-07-15,0.36913602716697247,0.26961770623742465,3.63,0,0.09951832092954782,Rafael Nadal,Duje Ajdukovic,Clay,6.46
2024-07-15,0.5236981659144319,0.4224999999999999,2.31,0,0.10119816591443198,Quentin Halys,Gustavo Heide,Clay,8.01
2024-07-15,0.7681093144955461,0.6150121065375302,1.59,1,0.15309720795801585,Nuno Borges,Timofey Skatov,Clay,18.75
2024-07-15,0.8235404614250789,0.6865342163355408,1.42,0,0.13700624508953807,Quentin Halys,Jan-Lennard Struff,Clay,20.17
2024-07-15,0.23710041716233943,0.15072083879423326,6.48,0,0.08637957836810617,Stefanos Tsitsipas,Fabio Fognini,Clay,4.89
2024-07-15,0.6474374005146529,0.5925925925925927,1.65,1,0.05484480792206026,Jan-Lennard Struff,Tomas Martin Etcheverry,Clay,5.25
2024-07-15,0.36719808653806213,0.2433962264150944,4.01,0,0.12380186012296773,Matteo Berrettini,Quentin Halys,Clay,7.85
2024-07-22,0.7342958317880951,0.6836283185840708,1.43,0,0.050667513204024295,Hugo Gaston,Sebastian Baez,Clay,5.82
2024-07-22,0.7413365774516354,0.6415094339622642,1.52,0,0.09982714348937116,Yoshihito Nishioka,Frances Tiafoe,Hard,12.2
2024-07-22,0.6640968377467225,0.6054590570719603,1.59,0,0.05863778067476211,Francisco Cerundolo,Andrey Rublev,Clay,4.74
2024-07-22,0.7358635754595458,0.6431924882629109,1.52,1,0.09267108719663497,Lorenzo Musetti,Jakub Mensik,Clay,11.4
2024-07-29,0.5707611402171967,0.4744897959183674,2.06,1,0.09627134429882933,Jordan Thompson,Reilly Opelka,Hard,8.29
2024-07-29,0.8308313718278064,0.75,1.3,1,0.08083137182780642,Alex Michelsen,Seongchan Hong,Hard,13.35
2024-07-29,0.7406764962417747,0.575,1.7,1,0.16567649624177472,Alex Michelsen,Mattia Bellucci,Hard,18.51
2024-07-29,0.2804332873124978,0.21815008726003493,4.48,0,0.06228320005246285,Frances Tiafoe,Daniel Elahi Galan,Hard,3.68
2024-07-29,0.7216352054881252,0.6174334140435834,1.58,1,0.10420179144454178,Thanasi Kokkinakis,Aleksandar Vukic,Hard,12.08
2024-07-29,0.8267792015186829,0.7248459958932237,1.34,1,0.10193320562545916,Corentin Moutet,Sumit Nagal,Clay,15.87
2024-07-29,0.7345953108312379,0.6258992805755396,1.56,0,0.1086960302556983,Arthur Rinderknech,Juncheng Shang,Hard,13.03
2024-07-29,0.5275760900042669,0.44783715012722636,2.17,0,0.0797389398770405,Thanasi Kokkinakis,Max Purcell,Hard,6.19
2024-07-29,0.7703930150883961,0.6574074074074074,1.48,0,0.11298560768098864,Seongchan Hong,Adam Walton,Hard,14.6
2024-07-29,0.5540224466669917,0.4540816326530612,2.14,1,0.09994081401393057,Mattia Bellucci,Mackenzie McDonald,Hard,8.14
2024-07-29,0.6748356390425194,0.5532994923857868,1.76,1,0.12153614665673262,Emil Ruusuvuori,Borna Coric,Hard,12.35
2024-07-29,0.4143327056023918,0.3473193473193473,2.8,1,0.0670133582830445,Daniel Elahi Galan,Maxime Cressy,Hard,4.45
2024-07-29,0.7167706599147164,0.607843137254902,1.6,0,0.10892752265981442,Cristian Garin,Aslan Karatsev,Hard,12.24
2024-07-29,0.6531587083609454,0.5583756345177665,1.74,1,0.09478307384317886,Mitchell Krueger,Luca Nardi,Hard,9.22
2024-07-29,0.5702065474109971,0.5,1.94,0,0.07020654741099708,Christopher O'Connell,Harold Mayot,Hard,5.65
2024-07-29,0.3302799566829225,0.24904214559386972,3.92,0,0.08123781108905276,Denis Shapovalov,Adrian Mannarino,Hard,5.05
2024-07-29,0.7903251102915121,0.7082452431289641,1.38,1,0.082079867162548,Brandon Nakashima,Christopher O'Connell,Hard,11.93
2024-07-29,0.25093489473545455,0.19145569620253167,5.11,0,0.05947919853292288,Sebastian Korda,Cristian Garin,Hard,3.43
2024-08-06,0.851630287201834,0.7259713701431493,1.34,0,0.1256589170586847,Kei Nishikori,Alex Michelsen,Hard,20.76
2024-08-06,0.6874071594952501,0.5789473684210527,1.68,0,0.10845979107419745,Rinky Hijikata,Taro Daniel,Hard,11.39
2024-08-06,0.6551598022673718,0.5860349127182045,1.66,0,0.06912488954916729,Lorenzo Sonego,Tallon Griekspoor,Hard,6.63
2024-08-06,0.3816125230847752,0.3105726872246696,3.13,0,0.07103983586010565,Borna Coric,Pedro Martinez,Hard,4.56
2024-08-06,0.7318415384829209,0.5681818181818181,1.71,0,0.16365972030110276,Alexei Popyrin,Tomas Machac,Hard,17.71
2024-08-06,0.505802084718108,0.44897959183673464,2.16,1,0.05682249288137331,Brandon Nakashima,Denis Shapovalov,Hard,3.99
2024-08-06,0.20429326698719527,0.08036391205458682,12.13,0,0.12392935493260845,Taylor Fritz,Mariano Navone,Hard,6.64
2024-08-06,0.6763261949065368,0.5950617283950617,1.64,0,0.08126446651147512,Arthur Rinderknech,Flavio Cobolli,Hard,8.53
2024-08-06,0.7271177956856921,0.5606060606060607,1.74,1,0.16651173507963146,Hubert Hurkacz,Thanasi Kokkinakis,Hard,17.92
2024-08-06,0.6702217962389876,0.6131386861313868,1.59,1,0.05708311010760081,Alejandro Tabilo,Lorenzo Sonego,Hard,5.56
2024-08-06,0.20377775987339158,0.08180428134556583,12.01,0,0.12197347852782575,Jannik Sinner,Borna Coric,Hard,6.57
2024-08-06,0.1468599420232366,0.08852459016393455,11.12,0,0.058335351859302054,Jannik Sinner,Alejandro Tabilo,Hard,3.13
2024-08-06,0.5308556505085514,0.4629156010230179,2.1,0,0.06794004948553356,Sebastian Korda,Casper Ruud,Hard,5.22
2024-08-06,0.8370183024559938,0.6306954436450839,1.54,1,0.20632285881090995,Matteo Arnaldi,Kei Nishikori,Hard,26.76
2024-08-06,0.6897413109682491,0.5820895522388059,1.68,0,0.10765175872944321,Alexei Popyrin,Hubert Hurkacz,Hard,11.67
2024-08-12,0.7884219443599613,0.6398104265402844,1.52,1,0.14861151781967685,Ben Shelton,Reilly Opelka,Hard,19.08
2024-08-12,0.7883384923435399,0.7051282051282052,1.38,1,0.08321028721533474,Jiri Lehecka,Mariano Navone,Hard,11.57
2024-08-12,0.5860356696234317,0.5141388174807198,1.89,1,0.07189685214271191,Alex Michelsen,Tallon Griekspoor,Hard,6.05
2024-08-12,0.8619920181246591,0.8009868421052632,1.21,1,0.061005176019395924,Arthur Fils,Brandon Holt,Hard,10.24
2024-08-12,0.5571733206036625,0.49743589743589745,1.96,0,0.05973742316776509,Frances Tiafoe,Lorenzo Musetti,Hard,4.79
2024-08-12,0.19013580066044214,0.11783439490445857,8.31,0,0.07230140575598357,Jannik Sinner,Alex Michelsen,Hard,3.97
2024-08-12,0.6748223623648651,0.6240963855421686,1.56,1,0.05072597682269653,Stefanos Tsitsipas,Jan-Lennard Struff,Hard,4.71
2024-08-12,0.5202564361656318,0.4517766497461928,2.16,0,0.06847978641943897,Frances Tiafoe,Jiri Lehecka,Hard,5.33
2024-08-12,0.598072011306641,0.5343511450381679,1.83,1,0.06372086626847306,Holger Rune,Jack Draper,Hard,5.69
2024-08-12,0.44692639690020236,0.39608801955990214,2.47,0,0.05083837734030022,Jannik Sinner,Alexander Zverev,Hard,3.53
2024-08-12,0.6588840927587243,0.5667506297229219,1.72,0,0.09213346303580239,Frances Tiafoe,Hubert Hurkacz,Hard,9.26
2024-08-18,0.6215144254134741,0.5583756345177665,1.74,0,0.06313879089570762,Zizou Bergs,Reilly Opelka,Hard,5.5
2024-08-18,0.639251817461569,0.5521628498727736,1.76,1,0.08708896758879536,Christopher Eubanks,Adam Walton,Hard,8.23
2024-08-18,0.5308094601362232,0.4641025641025641,2.09,0,0.06670689603365909,David Goffin,Jaume Munar,Hard,5.02
2024-08-18,0.6991986090006671,0.6000000000000001,1.62,0,0.09919860900066702,Rinky Hijikata,Arthur Cazaux,Hard,10.7
2024-08-18,0.5455760209785807,0.4846153846153846,2.01,1,0.0609606363631961,Pavel Kotov,Alexandre Muller,Hard,4.78
2024-08-18,0.7401311748566479,0.6778523489932886,1.44,1,0.06227882586335931,David Goffin,Rinky Hijikata,Hard,7.48
2024-08-18,0.7518576845727596,0.5955334987593052,1.63,1,0.15632418581345442,Aleksandar Vukic,Daniel Evans,Hard,17.9
2024-08-18,0.6225889569175808,0.5670886075949367,1.71,1,0.05550034932264403,Borna Coric,Sebastian Baez,Hard,4.55
2024-08-18,0.6767633373761845,0.5717884130982368,1.7,1,0.10497492427794775,Roman Safiullin,Corentin Moutet,Hard,10.75
2024-08-18,0.752337384019746,0.6689342403628117,1.46,1,0.08340314365693435,Alex Michelsen,Zizou Bergs,Hard,10.7
2024-08-19,0.7800244981760995,0.6189320388349514,1.57,0,0.16109245934114813,Learner Tien,Fabian Marozsan,Hard,19.71
2024-08-26,0.14749451711234818,0.06987475280158217,14.11,0,0.077619764310766,Daniil Medvedev,Dusan Lajovic,Hard,4.12
2024-08-26,0.15309160603870828,0.01722373806275579,57.63,0,0.1358678679759525,Novak Djokovic,Radu Albot,Hard,6.91
2024-08-26,0.558446964052554,0.4936061381074168,1.98,1,0.06484082594513718,Gabriel Diallo,Jaume Munar,Hard,5.39
2024-08-26,0.8957891215726628,0.8438761776581427,1.16,1,0.05191294391452006,Hubert Hurkacz,Timofey Skatov,Hard,12.22
2024-08-26,0.5785373660420323,0.44556962025316454,2.19,1,0.13296774578886777,Max Purcell,Aleksandar Vukic,Hard,11.22
2024-08-26,0.2782176478332381,0.21379310344827585,4.56,1,0.06442454438496226,Daniel Evans,Karen Khachanov,Hard,3.77
2024-08-26,0.22798111376205024,0.14540816326530615,6.7,0,0.0825729504967441,Jordan Thompson,Constant Lestienne,Hard,4.63
2024-08-26,0.16987598160163678,0.03402268178785872,28.96,0,0.13585329981377806,Jannik Sinner,Mackenzie McDonald,Hard,7.01
2024-08-26,0.7461014839956108,0.6877729257641922,1.43,0,0.05832855823141858,Thanasi Kokkinakis,Stefanos Tsitsipas,Hard,7.78
2024-08-26,0.6019493675399082,0.5382653061224489,1.81,0,0.0636840614174593,Otto Virtanen,Quentin Halys,Hard,5.53
2024-08-26,0.6868763114498735,0.5820895522388059,1.68,0,0.10478675921106761,Mariano Navone,Daniel Altmaier,Hard,11.32
2024-08-26,0.7626964382946442,0.6956521739130435,1.4,1,0.06704426438160072,Mattia Bellucci,Stan Wawrinka,Hard,8.47
2024-08-26,0.6568746468146126,0.5845771144278606,1.67,0,0.07229753238675196,David Goffin,Alejandro Tabilo,Hard,7.24
2024-08-26,0.14262131125021787,0.020919635459817676,47.27,0,0.1217016757904002,Carlos Alcaraz,Li Tu,Hard,6.2
2024-08-26,0.24045458896529356,0.1548731642189587,6.33,0,0.08558142474633487,Frances Tiafoe,Aleksandar Kovacevic,Hard,4.9
2024-08-26,0.6561830686550041,0.5703517587939698,1.71,1,0.08583130986103427,Sebastian Baez,Luciano Darderi,Hard,8.6
2024-08-26,0.7072594354228179,0.5583756345177665,1.74,1,0.14888380090505138,Jiri Lehecka,Marton Fucsovics,Hard,15.58
2024-08-26,0.7257059615089733,0.5845771144278608,1.67,1,0.1411288470811125,Arthur Rinderknech,Christopher Eubanks,Hard,15.82
2024-08-26,0.6994390577520054,0.5789473684210527,1.68,0,0.12049168933095278,Alexander Shevchenko,Dominik Koepfer,Hard,12.87
2024-08-26,0.25376791961306927,0.19453376205787787,5.01,0,0.0592341575551914,Gael Monfils,Diego Schwartzman,Hard,3.38
2024-08-26,0.17538460217661042,0.035490605427974886,27.72,0,0.13989399674863554,Alexander Zverev,Maximilian Marterer,Hard,7.23
2024-08-26,0.7313518854686647,0.5653266331658291,1.73,1,0.1660252523028356,Mitchell Krueger,Hugo Grenier,Hard,18.17
2024-08-26,0.18972891178714738,0.08051166290443945,12.22,0,0.10921724888270792,Grigor Dimitrov,Kyrian Jacquet,Hard,5.88
2024-08-26,0.2882146988122406,0.21891418563922938,4.46,0,0.06930051317301122,Casper Ruud,Yunchaokete Bu,Hard,4.12
2024-08-26,0.7771783564555872,0.6643835616438356,1.47,1,0.11279479481175159,Alexandre Muller,Adam Walton,Hard,15.15
2024-09-18,0.7398761559608633,0.5960591133004927,1.64,0,0.14381704266037065,Alibek Kachmazov,Nicolas Jarry,Hard,16.67
2024-09-18,0.8533562201101734,0.7725631768953068,1.26,1,0.08079304321486658,Lorenzo Musetti,Alibek Kachmazov,Hard,14.47
2024-09-18,0.5698307357807414,0.5,1.95,1,0.0698307357807414,Juncheng Shang,Lorenzo Musetti,Hard,5.85
2024-09-18,0.7504058197869052,0.5544303797468355,1.76,0,0.19597544004006973,Marin Cilic,Zhizhen Zhang,Hard,21.1
2024-09-18,0.6461576749418714,0.5810473815461347,1.68,1,0.0651102933957367,Zhizhen Zhang,Yunchaokete Bu,Hard,6.29
2024-09-18,0.8000638156363266,0.7178423236514522,1.36,1,0.08222149198487438,Juncheng Shang,Yannick Hanfmann,Hard,12.23
2024-09-25,0.7856877470839451,0.5925925925925927,1.65,1,0.1930951544913524,Holger Rune,Kei Nishikori,Hard,22.8
2024-09-26,0.19411031396138906,0.07805596465390274,12.52,0,0.11605434930748632,Jannik Sinner,Yunchaokete Bu,Hard,6.21
2024-10-02,0.6783857613209293,0.585,1.66,1,0.09338576132092935,Denis Shapovalov,Lorenzo Sonego,Hard,9.55
2024-10-02,0.7222917346745987,0.5282051282051282,1.84,1,0.1940866064694705,Arthur Rinderknech,Reilly Opelka,Hard,19.58
2024-10-02,0.769138858406393,0.6180048661800486,1.57,1,0.15113399222634438,Marcos Giron,Li Tu,Hard,18.21
2024-10-02,0.7277912404128206,0.5743073047858943,1.69,1,0.1534839356269263,Alex Michelsen,Yunchaokete Bu,Hard,16.66
2024-10-02,0.5445316741950101,0.45663265306122447,2.13,0,0.08789902113378567,Aleksandar Vukic,Corentin Moutet,Hard,7.07
2024-10-02,0.7351579557806885,0.6771300448430493,1.44,1,0.05802791093763926,Novak Djokovic,Taylor Fritz,Hard,6.66
2024-10-02,0.36754123983169473,0.2833333333333333,3.44,0,0.0842079064983614,Jannik Sinner,Daniil Medvedev,Hard,5.42
2024-10-02,0.2507675503058673,0.18223583460949463,5.34,1,0.06853171569637265,Yi Zhou,Yoshihito Nishioka,Hard,3.91
2024-10-02,0.7150659803625041,0.6365795724465559,1.53,1,0.07848640791594819,David Goffin,James Duckworth,Hard,8.87
2024-10-02,0.723797389039905,0.6398104265402844,1.52,1,0.08398696249962057,Jaume Munar,Hugo Gaston,Hard,9.63
2024-10-14,0.6939383885477549,0.6382978723404256,1.53,1,0.05564051620732935,Karen Khachanov,Aleksandar Vukic,Hard,5.82
2024-10-14,0.6995578445759874,0.5642317380352645,1.73,1,0.13532610654072286,Francisco Cerundolo,Alexander Shevchenko,Hard,14.4
2024-10-14,0.8313431626745441,0.7607476635514019,1.28,1,0.07059549912314222,Karen Khachanov,Beibit Zhukayev,Hard,11.45
2024-10-14,0.5502564843520803,0.46938775510204084,2.08,1,0.08086872925003946,Gabriel Diallo,Alejandro Tabilo,Hard,6.69
2024-10-14,0.6283315643645573,0.517948717948718,1.88,1,0.11038284641583929,Gabriel Diallo,Francisco Cerundolo,Hard,10.3
2024-10-14,0.6166699255821146,0.5331632653061225,1.83,0,0.08350666027599218,Tallon Griekspoor,Casper Ruud,Hard,7.74
2024-10-14,0.8660122979053686,0.7869415807560138,1.24,1,0.07907071714935476,Grigor Dimitrov,Dominic Stricker,Hard,15.39
2024-10-14,0.6878711210100357,0.5580808080808081,1.75,0,0.1297903129292276,Marcos Giron,Zizou Bergs,Hard,13.58
2024-10-14,0.7139174837671385,0.6157635467980296,1.56,1,0.0981539369691089,Jiri Lehecka,Marcos Giron,Hard,10.15
2024-10-21,0.7135949007403913,0.5778894472361809,1.68,1,0.13570545350421048,Arthur Fils,Daniel Altmaier,Hard,14.62
2024-10-21,0.6455474567762562,0.5764411027568922,1.69,1,0.06910635401936405,Jack Draper,Karen Khachanov,Hard,6.59
2024-10-28,0.5809525233337579,0.5089974293059125,1.91,0,0.07195509402784539,Francisco Cerundolo,Quentin Halys,Hard,6.02
2024-10-28,0.654127534068207,0.5645569620253165,1.72,1,0.08957057204289054,Marcos Giron,Juncheng Shang,Hard,8.69
2024-10-28,0.2470309560141605,0.18927444794952686,5.14,0,0.057756508064633644,Tallon Griekspoor,Luciano Darderi,Hard,3.26
2024-10-28,0.792878244191086,0.7323943661971831,1.33,1,0.06048387799390287,Ben Shelton,Corentin Moutet,Hard,8.26
2024-10-28,0.7083577779740051,0.6438679245283019,1.51,1,0.06448985344570324,Zizou Bergs,Richard Gasquet,Hard,6.83
2024-10-28,0.8395532698094011,0.7370517928286854,1.32,1,0.10250147698071577,Arthur Fils,Marin Cilic,Hard,16.91
2024-10-28,0.49989280530631786,0.44783715012722647,2.17,1,0.05205565517909139,Alex Michelsen,Hubert Hurkacz,Hard,3.62
2024-10-28,0.7904527168793059,0.7337278106508875,1.35,0,0.056724906228418304,Alexei Popyrin,Daniil Medvedev,Hard,9.59
2024-10-28,0.7011798508255312,0.5915841584158416,1.65,0,0.1095956924096897,Adrian Mannarino,Zizou Bergs,Hard,12.07
2024-11-03,0.6173332330860207,0.5617128463476071,1.74,1,0.05562038673841363,Denis Shapovalov,Jiri Lehecka,Hard,5.01
2024-11-03,0.7533751653961146,0.6829268292682927,1.43,1,0.07044833612782186,Jiri Lehecka,Lukas Klein,Hard,8.99
2024-11-03,0.6640047527965084,0.5692695214105793,1.71,1,0.0947352313859291,Hamad Medjedovic,Laslo Djere,Hard,9.54
2024-11-03,0.6352716620230106,0.5141388174807199,1.89,0,0.12113284454229067,Benjamin Bonzi,Alex Michelsen,Hard,11.27
2024-11-03,0.5766745431398701,0.4580152671755725,2.13,0,0.1186592759642976,Benjamin Bonzi,Quentin Halys,Hard,10.1
2024-11-03,0.5654387175935958,0.5141388174807198,1.89,1,0.051299900112875996,Benjamin Bonzi,Cameron Norrie,Hard,3.86
2024-11-04,0.6836825360871883,0.6225961538461539,1.57,1,0.061086382241034465,Alex Michelsen,Yunchaokete Bu,Hard,6.44
2024-11-11,0.5351030236683864,0.48071979434447304,2.02,1,0.05438322932391332,Alexander Zverev,Carlos Alcaraz,Hard,3.97
2024-11-11,0.14600543697212712,0.07828655834564258,12.48,0,0.06771887862648454,Jannik Sinner,Casper Ruud,Hard,3.58
2024-11-11,0.41606620873588895,0.3418013856812933,2.85,1,0.07426482305459564,Taylor Fritz,Alexander Zverev,Hard,5.02
2024-12-29,0.7743825758177385,0.7210743801652892,1.35,0,0.053308195652449264,Jaume Munar,Lorenzo Musetti,Hard,6.49
2024-12-29,0.6654896760583482,0.5642317380352645,1.73,1,0.1012579380230837,Kei Nishikori,Cameron Norrie,Hard,10.36
2024-12-29,0.6083879355234475,0.5306122448979591,1.84,0,0.07777569062548839,Alexandre Muller,Jaume Munar,Hard,7.11
2024-12-29,0.8018850461485267,0.7323943661971831,1.33,0,0.06949067995134361,Alexandre Muller,Kei Nishikori,Hard,10.08
2024-12-29,0.13777871923107746,0.07737226277372262,12.64,1,0.06040645645735483,Reilly Opelka,Novak Djokovic,Hard,3.19
2024-12-29,0.7807838495865407,0.566750629722922,1.72,1,0.21403321986361867,Jiri Lehecka,Reilly Opelka,Hard,23.82
2025-01-06,0.6294075731630829,0.5703517587939699,1.71,0,0.059055814369113,Felix Auger-Aliassime,Tommy Paul,Hard,5.37
2025-01-06,0.6624192009753673,0.5845771144278608,1.67,1,0.07784208654750657,Sebastian Korda,Thanasi Kokkinakis,Hard,7.93
2025-01-13,0.23183247325384798,0.17251461988304095,5.66,0,0.05931785337080703,Casper Ruud,Jaume Munar,Hard,3.35
2025-01-13,0.8195406165785261,0.7121848739495797,1.37,0,0.10735574262894632,Hady Habib,Yunchaokete Bu,Hard,16.59
2025-01-13,0.5471859944529152,0.48593350383631717,2.01,1,0.06125249061659799,Quentin Halys,Adam Walton,Hard,4.94
2025-01-13,0.1909410511693322,0.08852459016393455,11.12,0,0.10241646100539764,Jack Draper,Mariano Navone,Hard,5.55
2025-01-13,0.6620613276473634,0.5995085995085996,1.63,0,0.06255272813876378,Alex Michelsen,Stefanos Tsitsipas,Hard,6.28
2025-01-13,0.7077385639392643,0.5925925925925927,1.65,1,0.1151459713466716,Thanasi Kokkinakis,Roman Safiullin,Hard,12.91
2025-01-13,0.7461865701128599,0.575,1.7,1,0.17118657011285998,Nuno Borges,Alexandre Muller,Hard,19.18
2025-01-13,0.677587552693251,0.5319693094629157,1.83,1,0.14561824323033534,James Duckworth,Dominic Stricker,Hard,14.46
2025-01-13,0.4675652134156395,0.40740740740740744,2.4,1,0.06015780600823206,Jaime Faria,Pavel Kotov,Hard,4.36
2025-01-13,0.6123857986348599,0.4668367346938776,2.09,1,0.14554906394098227,Jacob Fearnley,Nick Kyrgios,Hard,12.84
2025-01-13,0.7140842061993906,0.5925925925925927,1.65,1,0.12149161360679794,Benjamin Bonzi,David Goffin,Hard,13.71
2025-01-13,0.37305177739818446,0.2654690618762474,3.68,0,0.10758271552193704,Reilly Opelka,Gauthier Onclin,Hard,6.96
2025-01-13,0.6997151320539456,0.6063569682151588,1.61,0,0.09335816383878681,Joao Fonseca,Andrey Rublev,Hard,10.37
2025-01-13,0.8925104218857032,0.8264705882352942,1.18,1,0.066039833650409,Alexander Zverev,Jacob Fearnley,Hard,14.77
2025-01-13,0.6858296457443895,0.5648854961832062,1.71,0,0.12094414956118338,Learner Tien,Corentin Moutet,Hard,12.17
2025-01-13,0.12469361318910452,0.03293509848240228,29.95,0,0.09175851470670224,Jannik Sinner,Nicolas Jarry,Hard,4.72
2025-01-13,0.4015826224066353,0.33944954128440363,2.88,0,0.06213308112223165,Lorenzo Sonego,Stan Wawrinka,Hard,4.16
2025-01-13,0.5637165644209337,0.4846153846153846,2.01,1,0.07910117980554904,Cristian Garin,Borna Coric,Hard,6.59
2025-01-13,0.7929294404054292,0.7345309381237526,1.33,1,0.058398502281676645,Holger Rune,Zhizhen Zhang,Hard,8.27
2025-01-13,0.2349119126856818,0.1433962264150943,6.81,0,0.09151568627058748,Karen Khachanov,Adrian Mannarino,Hard,5.16
2025-01-13,0.1686962279740409,0.02339587676627286,42.16,0,0.14530035120776805,Daniil Medvedev,Kasidit Samrej,Hard,7.42
2025-01-13,0.5972133756038009,0.5089058524173028,1.93,1,0.08830752318649815,Daniel Altmaier,Francisco Comesana,Hard,8.21
2025-01-13,0.20988759512156815,0.08333333333333333,11.77,1,0.1265542617882348,Francesco Passaro,Grigor Dimitrov,Hard,6.83
2025-01-13,0.2649293557799082,0.1647887323943661,5.93,0,0.10014062338554214,Tristan Boyer,Federico Coria,Hard,5.79
2025-02-03,0.7376817742249159,0.6174334140435834,1.58,1,0.12024836018133245,Tommy Paul,Reilly Opelka,Hard,14.27
2025-02-10,0.7419384873131795,0.6741573033707866,1.45,1,0.06778118394239285,Hamad Medjedovic,Daniel Altmaier,Hard,8.42
2025-02-10,0.3240436766433817,0.2533849129593811,3.86,1,0.07065876368400059,Hamad Medjedovic,Daniil Medvedev,Hard,4.38
2025-02-10,0.7429201626451313,0.5703517587939698,1.71,1,0.17256840385116146,Joao Fonseca,Laslo Djere,Clay,19.04
2025-02-17,0.6492334816382568,0.5764411027568922,1.69,1,0.07279237888136458,Jack Draper,Matteo Berrettini,Hard,7.04
2025-02-17,0.724434127230672,0.6231884057971014,1.56,1,0.10124572143357058,Nuno Borges,Otto Virtanen,Hard,11.62
2025-02-17,0.7125327791826288,0.6004901960784313,1.63,1,0.11204258310419746,Alexandre Muller,Francisco Comesana,Clay,12.81
2025-02-17,0.1932871788552508,0.14249999999999996,6.86,1,0.05078717885525083,Francisco Comesana,Alexander Zverev,Clay,2.78
2025-02-24,0.7696578134617086,0.6719457013574661,1.45,1,0.09771211210424247,Felix Auger-Aliassime,Marin Cilic,Hard,12.89
2025-02-24,0.6400325861366024,0.5845771144278608,1.67,1,0.055455471708741655,Stefanos Tsitsipas,Tallon Griekspoor,Hard,5.14
2025-02-24,0.7275277827231185,0.5628140703517588,1.74,0,0.16471371237135968,Laslo Djere,Sebastian Baez,Hard,17.97
2025-02-24,0.7223327740405645,0.6391509433962265,1.53,1,0.08318183064433804,Denis Shapovalov,Marcos Giron,Hard,9.92
2025-03-03,0.7617439328026498,0.4807197943444731,2.02,0,0.28102413845817675,Jenson Brooksby,Benjamin Bonzi,Hard,26.41
2025-03-03,0.8026180904229543,0.7085106382978724,1.37,1,0.09410745212508187,Nuno Borges,Arthur Rinderknech,Hard,13.46
2025-03-03,0.7851097978219048,0.6984815618221258,1.39,1,0.08662823599977898,Matteo Arnaldi,Aleksandar Kovacevic,Hard,11.71
2025-03-03,0.703627276855039,0.5707070707070707,1.7,0,0.1329202061479683,Rinky Hijikata,Alexander Shevchenko,Hard,14.01
2025-03-03,0.5935138040405152,0.5433673469387755,1.79,1,0.050146457101739705,Kei Nishikori,Jaume Munar,Hard,3.95
2025-03-03,0.7713268866285814,0.5717884130982368,1.7,0,0.1995384735303446,Yosuke Watanuki,Alexander Bublik,Hard,22.23
2025-03-03,0.5859138142718507,0.47814910025706947,2.03,1,0.10776471401478127,Roman Safiullin,Reilly Opelka,Hard,9.19
2025-03-03,0.6858829332358186,0.5995085995085995,1.63,1,0.08637433372721914,Holger Rune,Tallon Griekspoor,Hard,9.36
2025-03-03,0.6006847454892048,0.5307692307692308,1.83,0,0.06991551471997404,Tristan Boyer,Aleksandar Vukic,Hard,5.98
2025-03-03,0.7178405372113525,0.6189320388349514,1.57,1,0.09890849837640114,Jakub Mensik,Tomas Martin Etcheverry,Hard,11.14
2025-03-17,0.6793235146127425,0.6240963855421686,1.56,0,0.05522712907057392,Luciano Darderi,Pedro Martinez,Hard,5.33
2025-03-17,0.8603850832106194,0.7755834829443448,1.25,1,0.08480160026627459,Matteo Arnaldi,Yibing Wu,Hard,15.1
2025-03-17,0.6735362406774676,0.6088019559902201,1.6,1,0.06473428468724751,Miomir Kecmanovic,Aleksandar Kovacevic,Hard,6.47
2025-03-17,0.7353578843871651,0.5789473684210525,1.68,1,0.15641051596611255,Corentin Moutet,Alexander Blockx,Hard,17.31
2025-03-17,0.6963005034490751,0.5860349127182045,1.66,1,0.11026559073087061,Jaume Munar,Arthur Rinderknech,Hard,11.81
2025-03-17,0.8659963133777401,0.7400793650793651,1.31,1,0.12591694829837496,Alexander Zverev,Jacob Fearnley,Hard,21.69
2025-03-17,0.7656661768743689,0.6620689655172414,1.47,0,0.10359721135712752,Chun-Hsin Tseng,Mattia Bellucci,Hard,13.35
2025-03-17,0.8188558805853592,0.6742081447963801,1.44,0,0.14464773578897905,Nick Kyrgios,Mackenzie McDonald,Hard,20.36
2025-03-17,0.775453230153181,0.6880530973451328,1.41,0,0.08740013280804826,Rinky Hijikata,Hamad Medjedovic,Hard,11.39
2025-03-17,0.6087875101508756,0.5115089514066495,1.91,0,0.09727855874422608,Jakub Mensik,Arthur Fils,Hard,8.94
2025-03-17,0.8238396433944415,0.7733812949640287,1.26,1,0.05045834843041275,Novak Djokovic,Sebastian Korda,Hard,7.31
2025-03-17,0.6139041755237733,0.5191815856777493,1.88,1,0.094722589846024,Grigor Dimitrov,Francisco Cerundolo,Hard,8.76
2025-03-17,0.755267057203054,0.6574074074074074,1.48,1,0.09785964979564654,Jacob Fearnley,Benjamin Bonzi,Hard,12.27
2025-03-17,0.3552474434041911,0.2869198312236287,3.38,1,0.06832761218056244,Coleman Wong,Daniel Altmaier,Hard,4.22
2025-03-31,0.7829089798907053,0.6463700234192038,1.51,0,0.1365389564715015,Jenson Brooksby,Frances Tiafoe,Clay,17.86
2025-03-31,0.5955991382554832,0.5306122448979592,1.84,1,0.06498689335752394,Frances Tiafoe,Brandon Nakashima,Clay,5.71
2025-03-31,0.6085705700434987,0.43939393939393934,2.22,0,0.16917663064955935,Jenson Brooksby,Aleksandar Kovacevic,Clay,14.39
2025-03-31,0.8553703676850962,0.7625231910946196,1.28,0,0.09284717659047659,Jenson Brooksby,Tommy Paul,Clay,16.94
2025-03-31,0.6686028736365901,0.582089552238806,1.68,1,0.08651332139778412,Flavio Cobolli,Damir Dzumhur,Clay,9.06
2025-03-31,0.7956302296596909,0.566750629722922,1.72,1,0.22887959993676887,Flavio Cobolli,Filip Misolic,Clay,25.59
2025-03-31,0.5925877223898688,0.5343511450381679,1.83,1,0.05823657735170085,Sebastian Baez,Marton Fucsovics,Clay,5.09
2025-03-31,0.7550666926250108,0.6174334140435834,1.58,1,0.13763327858142738,Luciano Darderi,Vit Kopriva,Clay,16.64
2025-04-07,0.7556084104397495,0.703862660944206,1.38,1,0.05174574949554345,Grigor Dimitrov,Nicolas Jarry,Clay,5.62
2025-04-07,0.6836815663156988,0.630695443645084,1.54,0,0.052986122670614755,Pedro Martinez,Lorenzo Sonego,Clay,4.9
2025-04-07,0.721214184710799,0.5743073047858943,1.69,1,0.1469068799249047,Alejandro Tabilo,Stan Wawrinka,Clay,15.86
2025-04-07,0.31691237490157614,0.23388581952117862,4.16,1,0.08302655538039752,Richard Gasquet,Matteo Arnaldi,Clay,5.04
2025-04-07,0.7730858655294383,0.5995085995085996,1.63,0,0.17357726602083867,Matteo Berrettini,Alexander Zverev,Clay,20.65
2025-04-07,0.62953795627541,0.5728643216080401,1.7,1,0.056673634667369854,Lorenzo Musetti,Jiri Lehecka,Clay,5.02
2025-04-07,0.5140604734604483,0.4455696202531646,2.19,0,0.06849085320728365,Arthur Fils,Andrey Rublev,Clay,5.29
2025-04-07,0.4108419726405699,0.34490740740740733,2.83,0,0.06593456523316255,Daniel Altmaier,Richard Gasquet,Clay,4.44
2025-04-14,0.6200980939972733,0.539440203562341,1.81,1,0.08065789043493232,Arthur Fils,Stefanos Tsitsipas,Clay,7.55
2025-04-14,0.8580255339937948,0.8022690437601296,1.22,1,0.055756490233665135,Alexander Zverev,Fabian Marozsan,Clay,10.63
2025-04-14,0.6750755386710355,0.5606060606060607,1.74,1,0.11446947806497487,Fabian Marozsan,Zizou Bergs,Clay,11.8
2025-04-21,0.6761691132226167,0.5681818181818181,1.71,0,0.10798729504079863,Tomas Martin Etcheverry,Hamad Medjedovic,Clay,11.0
2025-04-21,0.7819244323016279,0.6936542669584246,1.4,1,0.08827016534320331,Luciano Darderi,Quentin Halys,Clay,11.84
2025-04-21,0.8184965355330114,0.6880530973451328,1.41,1,0.13044343818787862,Kei Nishikori,Aleksandar Vukic,Clay,18.79
2025-04-21,0.6455941164400709,0.5895522388059702,1.65,0,0.056041877634100734,Flavio Cobolli,Fabian Marozsan,Clay,5.02
2025-04-21,0.8401020302266108,0.7832167832167832,1.24,1,0.056885247009827555,Laslo Djere,Fabio Fognini,Clay,8.69
2025-04-21,0.7170247934537154,0.6265060240963856,1.55,0,0.09051876935732983,Ethan Quinn,Dusan Lajovic,Clay,10.13
2025-04-21,0.8248560546908605,0.5825,1.67,1,0.24235605469086052,Gael Monfils,Borna Gojo,Clay,28.17
2025-04-21,0.730791058145539,0.6146341463414634,1.58,0,0.11615691180407561,Harold Mayot,Corentin Moutet,Clay,13.33
2025-04-21,0.8091975249884218,0.7380952380952381,1.32,1,0.07110228689318365,Joao Fonseca,Elmer Moller,Clay,10.65
2025-04-21,0.8035132598960877,0.7365269461077844,1.32,0,0.06698631378830333,Benjamin Bonzi,Marin Cilic,Clay,9.47
2025-04-21,0.6969451804546358,0.5930521091811414,1.64,1,0.10389307127349445,Juan Manuel Cerundolo,Aleksandar Kovacevic,Clay,11.17
2025-05-05,0.7859806906897043,0.6808035714285714,1.43,1,0.10517711926113293,Jacob Fearnley,Fabio Fognini,Clay,14.41
2025-05-05,0.5587061467561615,0.4961439588688945,1.96,0,0.06256218788726697,Vilius Gaubas,Damir Dzumhur,Clay,4.95
2025-05-05,0.7291268974674542,0.6406619385342789,1.52,0,0.0884649589331753,Luca Nardi,Flavio Cobolli,Clay,10.41
2025-05-05,0.5137773540761479,0.451530612244898,2.15,0,0.0622467418312499,Matteo Gigante,Arthur Rinderknech,Clay,4.55
2025-05-05,0.6173136898197729,0.5089974293059125,1.91,0,0.10831626051386034,Alexander Bublik,Roman Safiullin,Clay,9.84
2025-05-05,0.7331606542038249,0.6306954436450839,1.54,1,0.10246521055874103,Vit Kopriva,Quentin Halys,Clay,11.95
2025-05-05,0.7027997285558613,0.6034482758620691,1.61,1,0.0993514526937922,Carlos Taberner,Aleksandar Kovacevic,Clay,10.78
2025-05-05,0.727809549710109,0.62227602905569,1.56,0,0.10553352065441901,Francesco Passaro,Chun-Hsin Tseng,Clay,12.09
2025-05-05,0.6672590841390197,0.5789473684210525,1.68,1,0.08831171571796714,Cameron Norrie,Christopher O'Connell,Clay,8.9
2025-05-05,0.6642131794155156,0.5064267352185091,1.92,1,0.1577864441970065,Learner Tien,Reilly Opelka,Clay,14.96
2025-05-05,0.8215572799809284,0.7519230769230768,1.29,1,0.06963420305785162,Daniil Medvedev,Cameron Norrie,Clay,10.31
2025-05-05,0.14625219223549757,0.07365439093484416,13.08,0,0.07259780130065341,Jannik Sinner,Francisco Cerundolo,Clay,3.78
2025-05-19,0.6040001942656097,0.5482233502538071,1.78,0,0.05577684401180261,Cameron Norrie,Alexei Popyrin,Clay,4.82
2025-05-19,0.6971481375493093,0.5820895522388059,1.68,0,0.11505858531050339,Hubert Hurkacz,Taylor Fritz,Clay,12.59
2025-05-19,0.8880615611302664,0.8085443037974683,1.21,1,0.07951725733279802,Novak Djokovic,Cameron Norrie,Clay,17.75
2025-05-26,0.6446334010338158,0.5925925925925927,1.65,1,0.05204080844122316,Jenson Brooksby,Jaime Faria,Clay,4.9
2025-05-26,0.6977013686138376,0.5606060606060607,1.74,1,0.13709530800777692,Damir Dzumhur,Thiago Agustin Tirante,Clay,14.46
2025-05-26,0.5795588929079414,0.47193877551020413,2.07,1,0.10762011739773725,Daniel Elahi Galan,Valentin Royer,Clay,9.33
2025-05-26,0.5582278892531977,0.4808184143222507,2.03,0,0.07740947493094696,Juan Manuel Cerundolo,Alex Michelsen,Clay,6.47
2025-05-26,0.7899091096740752,0.6613272311212814,1.48,0,0.1285818785527938,Alexander Shevchenko,Dusan Lajovic,Clay,17.61
2025-05-26,0.7304370411683064,0.5925925925925926,1.65,0,0.13784444857571387,Federico Agustin Gomez,Aleksandar Kovacevic,Clay,15.79
2025-05-26,0.20836895852306117,0.07311977715877427,13.31,0,0.1352491813642869,Alexander Zverev,Learner Tien,Clay,7.2
2025-05-26,0.7110921471149386,0.6558891454965358,1.49,1,0.05520300161840286,Mariano Navone,Brandon Nakashima,Clay,6.07
2025-05-26,0.2948194423844316,0.1513157894736843,6.45,0,0.1435036529107473,Tommy Paul,Elmer Moller,Clay,8.27
2025-05-26,0.4368093763699376,0.3825665859564165,2.55,1,0.05424279041352109,Richard Gasquet,Terence Atmane,Clay,3.67
2025-05-26,0.779479089657928,0.6511627906976745,1.5,1,0.12831629896025354,Hugo Gaston,Ugo Blanchet,Clay,16.92
2025-05-26,0.7082413407025065,0.5580808080808081,1.75,0,0.15016053262169848,Miomir Kecmanovic,Sebastian Baez,Clay,15.96
2025-05-26,0.13401176727593944,0.044174967518406216,22.07,0,0.08983679975753323,Novak Djokovic,Mackenzie McDonald,Clay,4.65
2025-05-26,0.15205825002793394,0.05687465488680288,17.08,0,0.09518359514113106,Jannik Sinner,Alexander Bublik,Clay,4.97
2025-05-26,0.16095268847168964,0.11011011011011018,8.89,0,0.05084257836157946,Novak Djokovic,Cameron Norrie,Clay,2.73
2025-05-26,0.20363508977352068,0.12117903930131003,8.05,1,0.08245605047221065,Gabriel Diallo,Francisco Cerundolo,Clay,4.53
2025-05-26,0.566133840342442,0.4974358974358974,1.96,1,0.06869794290654457,Novak Djokovic,Alexander Zverev,Clay,5.71
2025-05-26,0.7480624167940974,0.6956521739130435,1.4,1,0.05241024288105389,Jakub Mensik,Alexandre Muller,Clay,5.91
2025-05-26,0.5932343886412742,0.5229591836734693,1.87,0,0.07027520496780493,Matteo Arnaldi,Felix Auger-Aliassime,Clay,6.28
2025-05-26,0.6192259054943275,0.5280612244897959,1.85,1,0.09116468100453168,Joao Fonseca,Hubert Hurkacz,Clay,8.56
2025-05-26,0.3189393071708491,0.219298245614035,4.45,0,0.09964106155681413,Corentin Moutet,Clement Tabur,Clay,6.08
2025-05-26,0.7536724744376079,0.6628440366972477,1.47,0,0.0908284377403602,Henrique Rocha,Nikoloz Basilashvili,Clay,11.48
2025-05-26,0.7270529677943608,0.6742081447963801,1.44,1,0.052844822997980656,Reilly Opelka,Rinky Hijikata,Clay,5.34
2025-05-26,0.33785566272930484,0.25000000000000006,3.9,1,0.08785566272930478,Adam Walton,Maximilian Marterer,Clay,5.48
2025-06-09,0.564347954797426,0.5051282051282052,1.93,1,0.059219749669220834,Ben Shelton,Jiri Lehecka,Grass,4.8
2025-06-16,0.643592356087425,0.5905707196029777,1.65,0,0.053021636484447354,Alexander Bublik,Daniil Medvedev,Grass,4.76
2025-06-16,0.6185590613518063,0.5555555555555556,1.76,0,0.06300350579625069,Daniil Medvedev,Alexander Zverev,Grass,5.83
2025-06-23,0.2753952425838828,0.17894736842105252,5.46,0,0.0964478741628303,Tallon Griekspoor,Ethan Quinn,Grass,5.65
2025-06-23,0.672643634489689,0.549367088607595,1.78,0,0.12327654588209402,Corentin Moutet,Learner Tien,Grass,12.65
2025-06-23,0.6804263010176933,0.6074074074074073,1.59,1,0.07301889361028602,Tallon Griekspoor,Corentin Moutet,Grass,6.94
2025-06-23,0.649361336054877,0.46923076923076934,2.07,0,0.18013056682410766,Jenson Brooksby,Daniel Evans,Grass,16.08
2025-06-23,0.8420965985914153,0.7495183044315993,1.3,1,0.092578294159816,Taylor Fritz,Jenson Brooksby,Grass,15.79
2025-06-30,0.6590166895280489,0.5804020100502513,1.67,1,0.07861467947779766,Cristian Garin,Chris Rodesch,Grass,7.5
2025-06-30,0.39300958233490985,0.3402777777777778,2.85,0,0.052731804557132056,Billy Harris,Dusan Lajovic,Grass,3.25
2025-06-30,0.7299330172103605,0.6438679245283019,1.51,1,0.08606509268205864,Shintaro Mochizuki,Giulio Zeppieri,Grass,10.02
2025-06-30,0.7675703845530423,0.6597222222222222,1.47,1,0.10784816233082006,Ethan Quinn,Henry Searle,Grass,13.65
2025-06-30,0.7250730905992501,0.5421994884910486,1.79,0,0.18287360210820147,Oliver Tarvet,Leandro Riedi,Grass,18.85
2025-06-30,0.855650086147817,0.74559686888454,1.3,1,0.11005321726327699,Flavio Cobolli,Beibit Zhukayev,Grass,18.72
2025-06-30,0.3346367779253065,0.25440313111546,3.81,0,0.08023364680984651,Mattia Bellucci,Oliver Crawford,Grass,4.89
2025-06-30,0.1585941924911164,0.10770750988142294,9.03,1,0.05088668260969345,Benjamin Bonzi,Daniil Medvedev,Grass,2.69
2025-06-30,0.259549347288658,0.07851851851851854,12.44,0,0.18103082877013948,Frances Tiafoe,Elmer Moller,Grass,9.74
2025-06-30,0.19344695529048442,0.0953630796150482,10.34,0,0.09808387567543622,Andrey Rublev,Lloyd Harris,Grass,5.35
2025-06-30,0.8040436177692801,0.7317073170731706,1.32,1,0.07233630069610952,Jannik Sinner,Ben Shelton,Grass,9.58
2025-06-30,0.7644580108889171,0.5885286783042394,1.65,1,0.1759293325846777,Jan-Lennard Struff,Filip Misolic,Grass,20.1
2025-06-30,0.775215402311781,0.6306954436450839,1.54,1,0.1445199586666971,Learner Tien,Nishesh Basavareddy,Grass,17.95
2025-06-30,0.36361005437280847,0.3070175438596491,3.16,0,0.05659251051315939,Reilly Opelka,Alexander Shevchenko,Grass,3.45
2025-06-30,0.7756933184296799,0.6339712918660287,1.53,0,0.14172202656365118,Sebastian Ofner,Hamad Medjedovic,Grass,17.62
2025-06-30,0.23046757997358805,0.09415867480383622,10.39,0,0.13630890516975183,Tommy Paul,Johannus Monday,Grass,7.43
2025-06-30,0.3106338972363344,0.2594059405940594,3.74,1,0.051227956642274974,Pedro Martinez,George Loffhagen,Grass,2.95
2025-06-30,0.7328507844260217,0.6455399061032865,1.51,1,0.08731087832273521,Corentin Moutet,Francisco Comesana,Grass,10.45
2025-06-30,0.7753535115874296,0.7242798353909465,1.34,0,0.051073676196483064,Gael Monfils,Ugo Humbert,Grass,5.73
2025-06-30,0.7091977679957389,0.6574074074074074,1.48,0,0.05179036058833142,Miomir Kecmanovic,Alex Michelsen,Grass,5.17
2025-06-30,0.2411602380776149,0.15561569688768603,6.24,1,0.08554454118992888,Mariano Navone,Denis Shapovalov,Grass,4.82
2025-06-30,0.3197637753646214,0.24855491329479773,3.9,0,0.07120886206982369,Marton Fucsovics,Aleksandar Kovacevic,Grass,4.26
2025-06-30,0.7159776448738641,0.665903890160183,1.46,1,0.05007375471368103,Fabian Marozsan,James McCabe,Grass,4.93
2025-06-30,0.2578545886841189,0.10770750988142297,9.03,0,0.15014707880269595,Marin Cilic,Raphael Collignon,Grass,8.27
2025-07-14,0.7879083629033626,0.6822222222222223,1.43,1,0.10568614068114035,Aleksandar Kovacevic,Juan Pablo Ficovich,Hard,14.73
2025-07-14,0.7106215966888583,0.58,1.68,1,0.1306215966888583,Adam Walton,James Duckworth,Hard,14.25
2025-07-14,0.3087203915132918,0.18433179723502313,5.31,0,0.12438859427826865,Andrey Rublev,Emilio Nava,Hard,7.42
2025-07-14,0.7905569120108052,0.7222222222222222,1.35,1,0.06833468978858304,Denis Shapovalov,Adam Walton,Hard,9.61
2025-07-14,0.3482946255367745,0.2942430703624732,3.31,0,0.05405155517430127,Alexander Bublik,Arthur Cazaux,Clay,3.31
2025-07-14,0.704200660529802,0.5580808080808081,1.75,1,0.14611985244899395,Luciano Darderi,Sebastian Baez,Clay,15.49
2025-07-14,0.7974465690213227,0.7406679764243614,1.32,1,0.056778592596961275,Alexander Bublik,Juan Manuel Cerundolo,Clay,8.22
2025-07-14,0.5896310838051602,0.5368956743002545,1.82,1,0.05273540950490563,Ignacio Buse,Roman Andres Burruchaga,Clay,4.46
2025-07-14,0.6059807047943536,0.5204081632653061,1.88,1,0.08557254152904747,Arthur Cazaux,Jerome Kym,Clay,7.91
2025-07-21,0.7068773639621289,0.5280612244897959,1.85,0,0.178816139472333,Yibing Wu,Alexei Popyrin,Hard,18.1
2025-07-21,0.7009592636180919,0.5606060606060606,1.74,0,0.14035320301203136,Cameron Norrie,Lorenzo Musetti,Hard,14.84
2025-07-21,0.638264105185097,0.5544303797468355,1.76,0,0.08383372543826151,Arthur Rinderknech,Yannick Hanfmann,Clay,8.11
2025-07-21,0.6968761925077196,0.5753768844221105,1.69,1,0.12149930808560905,Luciano Darderi,Dino Prizmic,Clay,12.88
2025-07-21,0.6020445982692217,0.47814910025706947,2.03,1,0.12389549801215227,Damir Dzumhur,Titouan Droguet,Clay,10.78
2025-07-21,0.7196573792354124,0.5960591133004927,1.64,0,0.12359826593491974,Arthur Cazaux,Jan-Lennard Struff,Clay,14.08
2025-07-21,0.6616770763696508,0.5331632653061225,1.83,0,0.12851381106352833,Carlos Taberner,Damir Dzumhur,Clay,12.7
2025-07-21,0.3177866891103013,0.2624254473161034,3.71,0,0.05536124179419788,Alexander Bublik,Alexander Shevchenko,Clay,3.3
2025-07-21,0.8213411000096137,0.7647058823529411,1.28,1,0.056635217656672565,Ben Shelton,Mackenzie McDonald,Hard,9.16
2025-07-21,0.5228779908935982,0.4517766497461928,2.16,0,0.0711013411474054,Frances Tiafoe,Flavio Cobolli,Hard,5.58
2025-07-21,0.4679944621123158,0.40594059405940597,2.4,0,0.062053868052909855,Mackenzie McDonald,Colton Smith,Hard,4.4
2025-07-21,0.7485734556752569,0.6928104575163399,1.41,1,0.055762998158917054,Flavio Cobolli,Yoshihito Nishioka,Hard,6.77
2025-07-21,0.376530690185383,0.31485587583148555,3.09,0,0.061674814353897434,Reilly Opelka,Murphy Cassone,Hard,3.91
2025-07-21,0.7641255982487305,0.5789473684210525,1.68,1,0.18517822982767795,Learner Tien,Emilio Nava,Hard,20.86
2025-07-21,0.778221920420338,0.7072649572649572,1.37,0,0.0709569631553808,Yoshihito Nishioka,Jenson Brooksby,Hard,8.94
2025-07-21,0.7167905976940857,0.5717884130982368,1.7,1,0.1450021845958489,Matteo Arnaldi,Daniel Altmaier,Hard,15.61
2025-07-21,0.34126688835049457,0.2649402390438247,3.69,0,0.07632664930666988,Alexander Bublik,Arthur Cazaux,Clay,4.82
2025-07-21,0.7290564104024603,0.5895522388059701,1.65,1,0.1395041715964902,Arthur Cazaux,Arthur Rinderknech,Clay,15.61
2025-07-27,0.7679530484749852,0.6851441241685144,1.42,1,0.0828089243064708,Yunchaokete Bu,Vit Kopriva,Hard,10.77
2025-07-27,0.6076881972046447,0.5521628498727736,1.76,1,0.05552534733187109,Corentin Moutet,Jenson Brooksby,Hard,4.57
2025-07-27,0.5593251213940793,0.49742268041237103,1.95,0,0.06190244098170827,Adam Walton,Benjamin Bonzi,Hard,4.77
2025-07-27,0.7024393966266405,0.5930521091811414,1.64,1,0.10938728744549908,Mackenzie McDonald,David Goffin,Hard,11.88
2025-07-27,0.7333003751837864,0.6354916067146283,1.52,1,0.09780876846915809,Reilly Opelka,Sebastian Ofner,Hard,11.02
2025-07-27,0.6816076251246163,0.5875,1.65,0,0.09410762512461623,Emilio Nava,Zizou Bergs,Hard,9.59
2025-07-27,0.2257776210800678,0.16714697406340062,5.78,0,0.058630647016667176,Facundo Bagnis,Vasek Pospisil,Hard,3.19
2025-07-27,0.7178181593199375,0.5732323232323232,1.69,1,0.14458583608761433,Christopher O'Connell,Chun-Hsin Tseng,Hard,15.44
2025-07-27,0.25949687031144997,0.03475298126064741,28.33,0,0.22474388905080256,Jaume Munar,Dan Martin,Hard,11.62
2025-07-27,0.8107206037634634,0.7538461538461538,1.28,0,0.05687444991730961,Tristan Schoolkate,Joao Fonseca,Hard,6.74
2025-08-07,0.70026730969239,0.5895522388059702,1.65,0,0.11071507088641985,Luca Nardi,Thiago Agustin Tirante,Hard,11.96
2025-08-07,0.5592797452368291,0.5,1.93,1,0.05927974523682911,Damir Dzumhur,Mattia Bellucci,Hard,4.27
2025-08-07,0.7153525418944896,0.6628440366972477,1.47,0,0.05250850519724193,Francisco Comesana,Jaume Munar,Hard,5.49
2025-08-07,0.5837584662919868,0.519280205655527,1.87,0,0.06447826063645978,Nishesh Basavareddy,Aleksandar Vukic,Hard,5.27
2025-08-07,0.5209469224402945,0.44387755102040816,2.18,0,0.07706937141988635,Daniel Elahi Galan,Vit Kopriva,Hard,5.75
2025-08-07,0.7296200469777567,0.5597964376590331,1.73,1,0.16982360931872365,Adrian Mannarino,Jordan Thompson,Hard,17.96
2025-08-07,0.684190469889493,0.5707070707070707,1.7,1,0.11348339918242223,Fabian Marozsan,Colton Smith,Hard,11.65
2025-08-07,0.6155919640823837,0.5089974293059125,1.91,0,0.10659453477647118,Hamad Medjedovic,Aleksandar Kovacevic,Hard,9.66
2025-08-07,0.6665670301531323,0.5547073791348601,1.75,1,0.11185965101827222,Tristan Boyer,Brandon Holt,Hard,11.1
2025-08-07,0.7892818882863424,0.7019438444924406,1.38,0,0.08733804379390175,Benjamin Bonzi,Matteo Arnaldi,Hard,11.74
2025-08-07,0.6995558491227707,0.6348448687350835,1.53,1,0.06471098038768719,Emilio Nava,Borna Coric,Hard,6.63
2025-08-07,0.22077140718993019,0.1279342723004694,7.43,0,0.0928371348894608,Jannik Sinner,Terence Atmane,Hard,4.98
2025-08-07,0.5350266613331458,0.4832904884318766,2.01,0,0.051736172901269195,Adam Walton,Mariano Navone,Hard,3.73
2025-08-07,0.7971292779251906,0.6837416481069042,1.42,1,0.11338762981828643,Learner Tien,Leandro Riedi,Hard,15.71
2025-08-07,0.5987180228745205,0.46923076923076934,2.07,0,0.12948725364375113,Valentin Royer,Sebastian Ofner,Hard,11.18
2025-08-18,0.7719203314116633,0.6880530973451328,1.41,1,0.08386723406653052,Mackenzie McDonald,Brandon Holt,Hard,10.78
2025-08-18,0.5714969592858623,0.502577319587629,1.93,1,0.06891963969823334,Kamil Majchrzak,Nicolas Jarry,Hard,5.54
2025-08-18,0.7364150117100344,0.6389548693586699,1.52,0,0.09746014235136458,Christopher O'Connell,Roman Safiullin,Hard,11.48
2025-08-18,0.38661262473680913,0.3295454545454545,2.95,0,0.057067170191354655,Marton Fucsovics,Hugo Gaston,Hard,3.6
2025-08-18,0.7367926360248777,0.5930521091811414,1.64,1,0.14374052684373628,Aleksandar Kovacevic,Filip Misolic,Hard,16.28
2025-08-18,0.8051592189932821,0.6083743842364532,1.59,1,0.19678483475682895,Alexandre Muller,Darwin Blanch,Hard,23.75
2025-08-18,0.8186956984184443,0.7514450867052023,1.29,1,0.06725061171324198,Yunchaokete Bu,Chun-Hsin Tseng,Hard,9.68
2025-08-18,0.7074099219970349,0.5612244897959184,1.72,1,0.14618543220111646,Miomir Kecmanovic,Aleksandar Kovacevic,Hard,15.05
2025-08-18,0.6831023928483566,0.5757575757575758,1.68,0,0.10734481709078081,Mariano Navone,Marcos Giron,Hard,10.85
2025-08-18,0.7348475739725855,0.6518691588785047,1.49,1,0.08297841509408077,Hamad Medjedovic,Jacob Fearnley,Hard,9.69
2025-08-18,0.7289090762067306,0.5685279187817259,1.7,1,0.1603811574250047,Yunchaokete Bu,Mariano Navone,Hard,17.08
2025-08-18,0.7746441643960513,0.6365795724465558,1.53,0,0.1380645919494955,Marton Fucsovics,Sebastian Korda,Hard,17.47
2025-08-18,0.6984479370493152,0.5743073047858943,1.69,1,0.12414063226342087,Jaume Munar,Mattia Bellucci,Hard,13.07
2025-08-18,0.7818789602362319,0.6704545454545455,1.45,1,0.11142441478168641,Sebastian Korda,Vit Kopriva,Hard,14.86
2025-08-24,0.1710758728028956,0.08507223113964679,11.4,0,0.08600364166324881,Alexei Popyrin,Emil Ruusuvuori,Hard,4.57
2025-08-24,0.64138622334229,0.5103092783505154,1.9,0,0.13107694499177458,Roman Safiullin,Gael Monfils,Hard,12.15
2025-08-24,0.7262472961749542,0.5825,1.67,1,0.1437472961749542,Mattia Bellucci,Juncheng Shang,Hard,15.88
2025-08-24,0.2891932318423087,0.23302752293577988,4.18,0,0.05616570890652883,Karen Khachanov,Nishesh Basavareddy,Hard,3.28
2025-08-24,0.8190996964113637,0.7495183044315993,1.3,1,0.06958139197976443,Andrey Rublev,Dino Prizmic,Hard,10.8
2025-08-24,0.688773886642811,0.5064267352185091,1.92,1,0.1823471514243019,Jan-Lennard Struff,Mackenzie McDonald,Hard,17.52
2025-08-24,0.28603961648519627,0.22241992882562267,4.37,0,0.0636196876595736,Casper Ruud,Sebastian Ofner,Hard,3.71
2025-08-24,0.7207059193420471,0.5743073047858943,1.69,1,0.14639861455615277,Joao Fonseca,Miomir Kecmanovic,Hard,15.8
2025-08-24,0.7372431829763747,0.5905707196029777,1.65,1,0.146672463373397,Luciano Darderi,Rinky Hijikata,Hard,16.65
2025-08-24,0.7651562204891671,0.5597964376590331,1.73,1,0.205359782830134,Adrian Mannarino,Jordan Thompson,Hard,22.17
2025-08-24,0.12188237560429362,0.061547479484173495,16.01,0,0.06033489612012012,Jannik Sinner,Lorenzo Musetti,Hard,3.17
2025-08-24,0.13188832499692807,0.07675597393193345,12.75,0,0.05513235106499462,Carlos Alcaraz,Jiri Lehecka,Hard,2.9
2025-08-24,0.560821054355057,0.4467005076142132,2.18,0,0.11412054674084382,Raphael Collignon,Daniel Elahi Galan,Hard,9.43
2025-08-24,0.7765521769191149,0.6880530973451328,1.41,1,0.08849907957398218,Jakub Mensik,Nicolas Jarry,Hard,11.58
2025-08-24,0.7007977378452305,0.5743073047858942,1.69,0,0.12649043305933627,Coleman Wong,Aleksandar Kovacevic,Hard,13.36
2025-08-24,0.762040008811891,0.6830357142857143,1.42,1,0.07900429452617674,Zizou Bergs,Chun-Hsin Tseng,Hard,9.77
2025-08-24,0.5773692250056923,0.46803069053708446,2.08,1,0.10933853446860786,Martin Damm,Darwin Blanch,Hard,9.3
2025-08-24,0.3135811627354417,0.1513157894736843,6.45,0,0.16226537326175738,Tommy Paul,Elmer Moller,Hard,9.38
2025-09-17,0.5728040136437497,0.47314578005115104,2.06,0,0.09965823359259862,Alexander Shevchenko,Taro Daniel,Hard,8.49
2025-09-17,0.7642242593002145,0.6240963855421686,1.56,0,0.14012787375804592,Alejandro Tabilo,Brandon Nakashima,Hard,17.16
2025-09-24,0.58520724188675,0.5141388174807198,1.89,1,0.07106842440603023,Mattia Bellucci,Adam Walton,Hard,5.96
2025-09-24,0.5582192695466792,0.49095607235142114,1.97,1,0.06726319719525808,Daniel Altmaier,Tristan Schoolkate,Hard,5.14
2025-09-24,0.7582611401918936,0.7023554603854391,1.39,1,0.055905679806454556,Brandon Nakashima,Jordan Thompson,Hard,6.92
2025-09-24,0.5101567343281034,0.4365482233502538,2.22,1,0.0736085109778496,Sebastian Baez,Zhizhen Zhang,Hard,5.43
2025-09-24,0.7873042005625603,0.6873614190687362,1.41,1,0.09994278149382418,Jordan Thompson,August Holmgren,Hard,13.43
2025-09-24,0.6708840513014505,0.5645569620253165,1.72,1,0.10632708927613399,Yoshihito Nishioka,Alexander Shevchenko,Hard,10.69
2025-09-24,0.7304873228604631,0.677927927927928,1.43,1,0.05255939493253514,Fabian Marozsan,Stan Wawrinka,Hard,5.19
2025-09-24,0.6912010181686226,0.5920398009950248,1.64,0,0.09916121717359772,Yannick Hanfmann,Lorenzo Sonego,Hard,10.44
2025-09-24,0.5889413335462581,0.48062015503875977,2.01,1,0.10832117850749834,Marin Cilic,Nikoloz Basilashvili,Hard,9.1
2025-09-24,0.5742666895702646,0.47814910025706947,2.03,0,0.09611758931319514,Daniil Medvedev,Alexander Zverev,Hard,8.05
2025-09-24,0.7334599500957504,0.665903890160183,1.46,0,0.06755605993556735,Jenson Brooksby,Holger Rune,Hard,7.7
2025-09-24,0.7074835237676818,0.60880195599022,1.6,0,0.09868156777746173,Quentin Halys,Mackenzie McDonald,Hard,11.0
2025-09-24,0.469659085372428,0.40796019900497515,2.38,1,0.061698886367452854,Dalibor Svrcina,Yibing Wu,Hard,4.27
2025-09-24,0.7283417548663883,0.6274038461538461,1.55,1,0.10093790871254216,Yunchaokete Bu,Juan Manuel Cerundolo,Hard,11.72
2025-09-24,0.8121740710286308,0.7296747967479674,1.33,1,0.08249927428066339,Jenson Brooksby,James Trotter,Hard,12.15
2025-09-24,0.8648792635096334,0.7547528517110266,1.29,1,0.11012641179860683,Novak Djokovic,Zizou Bergs,Hard,19.95
2025-09-24,0.8402601259426979,0.7495183044315992,1.3,0,0.09074182151109877,Valentin Vacherot,Holger Rune,Hard,15.39
2025-10-13,0.7197729646997316,0.5764411027568922,1.69,1,0.14333186194283942,Casper Ruud,Sebastian Korda,Hard,15.68
2025-10-13,0.8473938205709173,0.772972972972973,1.26,1,0.07442084759794432,Denis Shapovalov,Elias Ymer,Hard,13.02
2025-10-13,0.7381229852554527,0.6431924882629109,1.52,1,0.09493049699254186,Alex Michelsen,Shintaro Mochizuki,Hard,11.73
2025-10-13,0.7025305832722687,0.5617128463476071,1.74,1,0.1408177369246616,Corentin Moutet,Jan-Lennard Struff,Hard,15.03
2025-10-13,0.6790747098964279,0.6116504854368932,1.6,0,0.06742422445953478,Corentin Moutet,Alex Michelsen,Hard,7.21
2025-10-13,0.5705886493372369,0.5,1.95,0,0.07058864933723685,Felix Auger-Aliassime,Jiri Lehecka,Hard,5.93
2025-10-20,0.23304860661295002,0.17352941176470582,5.62,0,0.059519194848244195,Alexander Zverev,Jacob Fearnley,Hard,3.35
2025-10-27,0.5591235461490749,0.5025641025641026,1.94,1,0.056559443584972335,Felix Auger-Aliassime,Alexander Bublik,Hard,4.51
2025-10-27,0.5348833769973813,0.460559796437659,2.12,1,0.07432358055972232,Alexander Zverev,Daniil Medvedev,Hard,5.98
2025-10-27,0.6691433164310385,0.582089552238806,1.68,1,0.08705376419223254,Felix Auger-Aliassime,Valentin Vacherot,Hard,9.13
2025-10-27,0.68665769984486,0.5331632653061225,1.83,0,0.15349443453873757,Alexander Bublik,Taylor Fritz,Hard,15.46
2025-10-27,0.1396839778604557,0.07365439093484416,13.08,0,0.06602958692561153,Jannik Sinner,Francisco Cerundolo,Hard,3.42
2025-11-03,0.6172025670410166,0.5229591836734693,1.87,0,0.09424338336754734,Vitaliy Sachko,Clement Tabur,Hard,8.86
2025-11-03,0.6278069262034947,0.5739348370927319,1.7,0,0.0538720891107628,Learner Tien,Matteo Berrettini,Hard,4.81
2025-11-03,0.5926933354515089,0.5368956743002545,1.82,1,0.055797661151254396,Lorenzo Musetti,Sebastian Korda,Hard,4.8
2026-01-09,0.6938297266891701,0.58,1.68,1,0.11382972668917013,Brandon Nakashima,Raphael Collignon,Hard,12.18
2026-01-10,0.7837267403973461,0.7115789473684211,1.37,1,0.07214779302892504,Brandon Nakashima,Aleksandar Kovacevic,Hard,9.96
2026-01-11,0.5440525937571067,0.4757033248081841,2.05,0,0.06834926894892257,Alexander Bublik,Lorenzo Musetti,Hard,5.49
